{
  "Andhra Pradesh": ["Visakhapatnam", "Vijayawada", "Guntur", "Nellore", "Kurnool"],
  "Arunachal Pradesh": ["Itanagar", "Naharlagun"],
  "Assam": ["Guwahati", "Silchar", "Dibrugarh", "Jorhat"],
  "Bihar": ["Patna", "Gaya", "Bhagalpur", "Muzaffarpur"],
  "Chhattisgarh": ["Raipur", "Bhilai", "Bilaspur"],
  "Goa": ["Panaji", "Margao", "Vasco da Gama"],
  "Gujarat": ["Ahmedabad", "Surat", "Vadodara", "Rajkot", "Bhavnagar"],
  "Haryana": ["Gurugram", "Faridabad", "Panipat", "Ambala"],
  "Himachal Pradesh": ["Shimla", "Dharamshala", "Solan"],
  "Jharkhand": ["Ranchi", "Jamshedpur", "Dhanbad"],
  "Karnataka": ["Bengaluru", "Mysuru", "Mangalore", "Hubli"],
  "Kerala": ["Kochi", "Thiruvananthapuram", "Kozhikode", "Thrissur"],
  "Madhya Pradesh": ["Indore", "Bhopal", "Gwalior", "Jabalpur"],
  "Maharashtra": ["Mumbai", "Pune", "Nagpur", "Nashik", "Thane", "Aurangabad"],
  "Manipur": ["Imphal"],
  "Meghalaya": ["Shillong"],
  "Mizoram": ["Aizawl"],
  "Nagaland": ["Kohima", "Dimapur"],
  "Odisha": ["Bhubaneswar", "Cuttack", "Rourkela"],
  "Punjab": ["Amritsar", "Ludhiana", "Jalandhar", "Patiala"],
  "Rajasthan": ["Jaipur", "Udaipur", "Jodhpur", "Kota", "Ajmer"],
  "Sikkim": ["Gangtok"],
  "Tamil Nadu": ["Chennai", "Coimbatore", "Madurai", "Tiruchirappalli", "Salem"],
  "Telangana": ["Hyderabad", "Warangal", "Nizamabad"],
  "Tripura": ["Agartala"],
  "Uttar Pradesh": ["Lucknow", "Kanpur", "Varanasi", "Noida", "Ghaziabad", "Agra", "Prayagraj"],
  "Uttarakhand": ["Dehradun", "Haridwar", "Rishikesh"],
  "West Bengal": ["Kolkata", "Durgapur", "Asansol", "Siliguri"],
  "Andaman and Nicobar Islands": ["Port Blair"],
  "Chandigarh": ["Chandigarh"],
  "Dadra and Nagar Haveli and Daman and Diu": ["Daman", "Silvassa"],
  "Delhi": ["New Delhi", "Dwarka", "Rohini", "Saket"],
  "Jammu and Kashmir": ["Srinagar", "Jammu"],
  "Ladakh": ["Leh", "Kargil"],
  "Lakshadweep": ["Kavaratti"],
  "Puducherry": ["Puducherry", "Karaikal"]
}
